<?xml version="1.0" encoding="UTF-8"?>
<!DOCTYPE generatorConfiguration
        PUBLIC "-//mybatis.org//DTD MyBatis Generator Configuration 1.0//EN"
        "http://mybatis.org/dtd/mybatis-generator-config_1_0.dtd">
<generatorConfiguration>
    <classPathEntry location="D:/mybatis-generator/mysql-connector-java-5.1.40.jar"/>

    <context id="DB2Tables" targetRuntime="MyBatis3">
        <property name="javaFileEncoding" value="UTF-8"/>
        <plugin type="org.mybatis.generator.plugins.RowBoundsPlugin"/>
<!--
        <plugin type="mybatis.generator.plugins.ModelCommentsPlugin"/>
-->
        <commentGenerator>
            <!-- 是否去除自动生成的注释 true：是 ： false:否 -->
            <property name="suppressAllComments" value="true"/>
            <property name="suppressDate" value="true"/>
        </commentGenerator>
        <!--数据库链接URL，用户名、密码 -->
        <jdbcConnection driverClass="com.mysql.jdbc.Driver"
                        connectionURL="jdbc:mysql://localhost:3306/school?characterEncoding=utf8&amp;useSSL=false&amp;allowMultiQueries=true" userId="root"
                        password="root">
        </jdbcConnection>

        <javaTypeResolver>
            <property name="forceBigDecimals" value="false"/>
        </javaTypeResolver>
        <!-- 生成模型的包名和位置-->
        <javaModelGenerator targetPackage="com.winterchen.model" targetProject=".\src\main\java">
            <property name="enableSubPackages" value="true"/>
            <property name="trimStrings" value="true"/>
        </javaModelGenerator>
        <!-- 生成映射文件的包名和位置-->
        <sqlMapGenerator targetPackage="mapper" targetProject=".\src\main\resources">
            <property name="enableSubPackages" value="true"/>
        </sqlMapGenerator>
        <!-- 生成DAO的包名和位置-->
        <javaClientGenerator type="XMLMAPPER" targetPackage="com.winterchen.dao" targetProject=".\src\main\java">
            <property name="enableSubPackages" value="true"/>
        </javaClientGenerator>
        <!-- 要生成的表 tableName是数据库中的表名或视图名 domainObjectName是实体类名-->
        <table tableName="teacher" enableCountByExample="false" enableUpdateByExample="false" enableDeleteByExample="false"
               enableSelectByExample="false" selectByExampleQueryId="false">
            <generatedKey column="ID" sqlStatement="MySql" identity="true"/>
        </table>

    </context>
</generatorConfiguration>